first_name,last_name,email,password,start_date
Bikash,Waiba,dit.bikash@gmail.com,foobar,2021-01-01
Roman,Khadka,dit.roman@gmail.com,foobar,2021-01-02
Sheriff,Hussain,dit.sheriff@gmail.com,foobar,2021-01-03
Ashish,Subedi,dit.ashish@gmail.com,foobar,2021-01-04
nihal,dhakal,dit.nihadl@gmail.com,foobar,2021-01-05
anus,panta,dit.anuz@gmail.com,foobar,2021-01-01
